category,keyword
politics,government
politics,policy
politics,democracy
politics,senate
politics,congress
politics,election
politics,voting
politics,campaign
election,ballot
election,polling
election,primary
election,debate
election,candidate
election,runoff
election,incumbent
economics,market
economics,trade
economics,gdp
economics,inflation
economics,unemployment
healthcare,insurance
healthcare,medicare
healthcare,medicaid
healthcare,vaccine
healthcare,disease
environment,climate
environment,pollution
environment,sustainability
environment,conservation
category,keyword
politics,government
politics,policy
politics,democracy
politics,senate
politics,congress
politics,election
politics,voting
politics,campaign
politics,law
politics,legislation
politics,parliament
politics,budget
politics,corruption
politics,scandal
politics,president
politics,leader
politics,rights
politics,freedom
politics,opposition
politics,protest
economics,market
economics,trade
economics,investment
economics,inflation
economics,employment
economics,recession
economics,wealth
economics,poverty
economics,gdp
economics,exports
economics,imports
economics,interest
economics,business
economics,unemployment
economics,income
economics,industry
economics,finance
economics,budget
economics,stocks
economics,economy
healthcare,hospital
healthcare,insurance
healthcare,medicare
healthcare,medicaid
healthcare,vaccine
healthcare,epidemic
healthcare,disease
healthcare,illness
healthcare,pandemic
healthcare,doctor
healthcare,medicine
healthcare,pharmaceutical
healthcare,wellness
healthcare,public health
healthcare,healthcare
healthcare,clinic
healthcare,mental health
healthcare,therapy
healthcare,patient
healthcare,nurse
environment,climate
environment,pollution
environment,sustainability
environment,conservation
environment,recycling
environment,emissions
environment,deforestation
environment,biodiversity
environment,ecosystem
environment,renewable
environment,greenhouse
environment,ozone
environment,carbon
environment,wildlife
environment,energy
environment,extinction
environment,global warming
environment,natural resources
environment,environmental
technology,software
technology,internet
technology,artificial intelligence
technology,robotics
technology,cybersecurity
technology,cloud
technology,virtual reality
technology,smartphone
technology,blockchain
technology,gaming
technology,innovation
technology,automation
technology,startup
technology,programming
technology,algorithm
technology,network
technology,hardware
technology,computer
technology,data
education,school
education,university
education,college
education,student
education,teacher
education,curriculum
education,learning
education,education policy
education,scholarship
education,exam
education,degree
education,tuition
education,academic
education,course
education,kindergarten
education,high school
education,professor
education,online learning
education,research
technology,corepressors
food,redounds
space,archduchies
space,flauntier
entertainment,flyrodder
environment,gnotobiotic
health,misguided
entertainment,distractible
fish,mongo
space,amphitheater
food,wristier
finance,migs
space,anyon
food,warehouse
education,bullweeds
health,hawker
finance,dislodgment
politics,hatpins
finance,jovialties
space,phenolates
finance,ecdysial
education,revoked
technology,gunnysacks
space,coilability
finance,sovranties
food,analecta
space,gangs
technology,cilice
sports,prevalued
food,electrologies
politics,personative
technology,revivifying
education,backwashes
finance,nephologies
environment,pediatrist
fish,superplasticity
environment,couth
entertainment,cashed
fish,communitarian
technology,durableness
politics,cerise
sports,squabbiest
space,packager
space,prebiological
education,winiest
finance,jomon
health,opinionated
technology,brighter
space,triggerman
environment,foremothers
space,cubature
politics,divorcements
environment,motorships
technology,vanity
space,tenty
finance,blastomata
food,monocracy
environment,demoed
sports,cutbacks
technology,gliadines
politics,slapdashes
environment,papermakers
sports,fenlands
politics,outgave
finance,strongyle
health,defenced
space,bedabbling
education,island
politics,ototoxicity
food,gleamer
entertainment,nonwork
technology,conventual
space,outweighing
health,controllable
politics,urbanizing
technology,fibbing
politics,lungwort
technology,remet
politics,watchouts
sports,borane
sports,croupe
entertainment,hoody
entertainment,cytopathic
politics,cruising
fish,retaliatory
education,knaur
space,partying
space,colorado
space,creep
finance,threonine
food,jettinesses
food,corrie
education,reif
sports,esplanades
entertainment,ferules
fish,codependences
technology,prognoses
food,outfumbling
education,dissection
politics,befuddlements
finance,promotional
entertainment,pings
politics,purposeless
food,solanos
space,desinence
fish,landform
politics,stylise
technology,sleuthed
sports,streetcar
entertainment,recocks
food,wordmonger
technology,wildlands
health,citolas
finance,armchair
space,facetiousnesses
space,strangered
entertainment,lindanes
entertainment,semicolonial
politics,fuddies
entertainment,arcaded
space,viseing
space,cryosurgeons
health,superlay
health,malisons
education,lancets
health,insteps
food,bludge
space,cherubic
space,cumulated
food,ethmoidal
sports,accusant
environment,recontoured
education,laurelled
food,scalier
sports,suppletive
education,inability
food,respecifies
technology,cherimoya
food,reheeled
environment,simulation
politics,hypothecated
food,unfearing
space,insanitary
education,flowstone
space,overbred
health,befringed
space,grounds
fish,annihilate
health,overcommitted
health,demurrer
education,sensationalism
finance,bistros
sports,puberty
sports,phenolated
politics,chresards
education,cussers
space,precocities
sports,liberalist
health,recherche
environment,anastomosed
space,muteness
entertainment,sexdecillions
education,stapling
environment,pizzerias
environment,galeres
health,noisemaker
education,stooging
food,indecenter
education,earthinesses
food,headquarters
entertainment,microstructures
fish,adducers
health,wiliness
politics,preinterview
health,alary
environment,retitle
finance,wishful
sports,scripted
environment,overseeing
health,bombload
space,condiments
sports,haecceities
sports,quaverers
technology,unipods
fish,arbitrarily
sports,outmanned
environment,vomica
sports,concertgoers
technology,xanthones
fish,kingcrafts
food,shent
entertainment,trilling
fish,ar
sports,solecise
sports,roods
education,prepotent
entertainment,hedgerows
health,preys
politics,exposition
politics,impoverisher
education,caressively
fish,peripatuses
space,cryometers
finance,pluralists
fish,aerobia
finance,hockey
sports,cozenage
politics,expatriating
food,forelocks
fish,exequy
environment,resplices
technology,noddle
food,crispiest
food,pelted
health,pish
environment,califs
technology,granulocyte
sports,motorboat
technology,horseshoes
politics,nomographies
health,jape
food,globs
education,columnists
politics,reimportations
technology,ungifted
technology,curfews
health,fueler
space,anonymity
fish,regimentations
sports,dairyman
finance,desugars
education,schmaltz
politics,homozygous
space,extensometer
fish,monstrance
entertainment,heirs
fish,indwelt
technology,enjoyment
health,senility
fish,but
space,tetragonal
space,firn
politics,duresses
sports,anytime
technology,objectives
environment,tympaniteses
food,vitrifications
fish,backout
sports,sycophancy
environment,hydrographer
space,owe
politics,myoinositol
health,backdropping
education,grouter
technology,snubbier
sports,wearier
space,shlepp
education,paralytically
finance,dicked
education,garagemen
